1,新たなる夜明け,0,0,過去の遺産を求めて危険な冒険に…,60,2022-05-15,1
2,消えた記憶,1,1,天才科学者がタイムトラベルの秘密を…,60,2022-05-15,2
3,帰らざる日々,1,2,青年がスポーツ界のスターになるまでの…,60,2022-05-15,2
4,未来への扉,1,3,愛犬と一緒に旅行する一家のユーモラスな…,60,2022-05-15,2
5,過去への旅,1,4,未知の惑星を探検する宇宙飛行士の冒険…,60,2022-05-15,2
6,最後の決断,1,5,若者たちが音楽と恋に揺れ動く青春…,60,2022-05-15,2
7,暗闇の中で,2,1,過酷な自然環境で生き抜く野生動物の…,60,2022-05-15,3
8,逃亡者,2,2,美食を求めて世界を旅する料理人の…,60,2022-05-15,3
9,再会,2,3,スーパーヒーローたちが悪を倒すために…,60,2022-05-15,3
10,決別の時,2,4,謎多き都市の暗闇を探る探偵の活躍…,60,2022-05-15,3
11,大逆転の試合,2,5,幼い日の思い出と友情を描いた感動の…,60,2022-05-15,3
12,夢のスタジアム,0,0,仮想現実世界で起こる予想外の出来事を…,60,2022-05-15,4
13,極限の決断,1,1,医学の進歩と医師たちの奮闘を描いた…,60,2022-05-15,5
14,絶望からの逆転,1,2,小さな町で繰り広げられる人間ドラマ…,60,2022-05-15,5
15,力の限り,1,3,野球少年たちの夢と友情を描いた…,60,2022-05-15,5
16,情熱の歌声,1,4,大手企業で働く女性の苦悩と成功を…,60,2022-05-15,5
17,夢を描く,0,0,新たな文明を築くための壮大な冒険を…,60,2022-05-15,6
18,虹の彼方に,1,1,幕末の動乱を生き抜く侍のドラマ…,60,2022-05-15,7
19,音楽の力,1,2,機械と人間の関係を描いたディストピア…,60,2022-05-15,7
20,希望のメロディ,1,3,現代社会の問題を風刺したブラックコメディ…,60,2022-05-15,7
21,大自然の秘密,1,4,古代文明の謎を追う歴史学者の冒険…,60,2022-05-15,7
22,未知への探求,1,5,コメディアンたちが巧みな即興劇を披露…,60,2022-05-15,7
23,進化の謎,2,1,シェフが各地の食材を使った料理に挑戦…,60,2022-05-15,8
24,生命の起源,2,2,魔法の世界で起きる奇妙な出来事を…,60,2022-05-15,8
25,地球の未来,0,0,妖精たちの楽園での生活を描いたファンタジー…,60,2022-05-15,9
26,緊急ニュース,1,1,スリル満点の宇宙旅行を描くSFドラマ…,60,2022-05-15,10
27,衝撃の事実,1,2,恐竜時代を舞台にした壮大な冒険物語…,60,2022-05-15,10
28,深掘り取材,1,3,子供たちが大自然と共生する姿を追った…,60,2022-05-15,10
29,突撃！現場レポート,2,1,新たなる地球外生命体との遭遇を描く…,60,2022-05-15,11
30,特別対談,0,0,偉大なる科学者の人生と成果に迫る…,60,2022-05-15,12
31,ロマンチックな予感,1,1,幽霊となった男が生前の恋人を救う…,60,2022-05-15,13
32,禁断の恋,1,2,海底の未知の生物を探求する冒険者たち…,60,2022-05-15,13
33,二人だけの秘密,1,3,未来都市での革新的なテクノロジーを描く…,60,2022-05-15,13
34,心の距離,1,4,料理好きな家族が巻き起こすコミカルな騒動…,60,2022-05-15,13
35,初めての告白,0,5,名探偵が難解な事件を解決していく…,60,2022-05-15,14
36,家族の絆,2,6,才能あふれる若きピアニストの成長物語…,60,2022-05-15,14
37,大切な約束,2,7,小さな村で起こる感動的な人間ドラマ…,60,2022-05-15,15
38,新しい家族,1,1,伝説の戦士が悪と戦う壮大な冒険譚…,60,2022-05-15,16
39,夢見る少女,2,2,宇宙人と地球人の友情を描いたハートウォーミング…,60,2022-05-15,17
40,勇気をください,1,3,魔法使いの少女が織りなす奇跡の物語…,60,2022-05-15,18
41,残された手紙,1,1,ロボット工学の未来を探求するドキュメンタリー…,60,2022-05-15,19
42,追いつめられた男,1,2,若者たちの熱きバンド活動を描いた音楽ドラマ…,60,2022-05-15,20
43,消えた女,2,3,家族愛をテーマにした感動のドラマ…,60,2022-05-15,21
44,完全犯罪,1,4,アスリートたちの感動的な成功と挫折の物語…,60,2022-05-15,22
45,最後の証言,2,1,動物たちと人間との共生を描いたドキュメンタリー…,60,2022-05-15,23
46,死者からのメッセージ,1,2,魔法の力で世界を救う少年の冒険…,60,2022-05-15,24
47,呪われた家,1,3,都市伝説を元にしたスリリングなホラー…,60,2022-05-15,25
48,絶叫,2,4,人類が初めて火星に降り立つ物語…,60,2022-05-15,26
49,闇に潜む,1,5,スーパーヒーローたちの壮大な戦いを描く…,60,2022-05-15,27
50,最後の生存者,1,6,過去の遺産を求めて危険な冒険に…,60,2022-05-15,28
51,爆速チェイス,1,1,天才科学者がタイムトラベルの秘密を…,60,2022-05-15,29
52,危険な任務,1,2,青年がスポーツ界のスターになるまでの…,60,2022-05-15,30
53,失われた秘宝,1,3,愛犬と一緒に旅行する一家のユーモラスな…,60,2022-05-15,31
54,最後の戦い,1,1,未知の惑星を探検する宇宙飛行士の冒険…,60,2022-05-15,32
55,敵地突入,1,2,若者たちが音楽と恋に揺れ動く青春…,60,2022-05-15,33
56,森の秘密,1,1,過酷な自然環境で生き抜く野生動物の…,60,2022-05-15,34
57,海の神秘,1,2,美食を求めて世界を旅する料理人の…,60,2022-05-15,35
58,動物たちの生活,1,3,スーパーヒーローたちが悪を倒すために…,60,2022-05-15,36
59,旅立ちの季節,1,4,謎多き都市の暗闇を探る探偵の活躍…,60,2022-05-15,37
60,生命の奇跡,1,5,幼い日の思い出と友情を描いた感動の…,60,2022-05-15,38
61,爆笑！トークバトル,1,1,仮想現実世界で起こる予想外の出来事を…,60,2022-05-15,39
62,失敗からの逆襲,1,2,医学の進歩と医師たちの奮闘を描いた…,60,2022-05-15,40
63,誤解は恋の始まり,1,3,小さな町で繰り広げられる人間ドラマ…,60,2022-05-15,41
64,怒涛の一日,1,4,野球少年たちの夢と友情を描いた…,60,2022-05-15,42
65,突然のゲスト,1,5,恐竜時代を舞台にした壮大な冒険物語…,60,2022-05-15,43
66,恋の罠,1,1,子供たちが大自然と共生する姿を追った…,60,2022-05-15,44
67,絆の証,1,2,新たなる地球外生命体との遭遇を描く…,60,2022-05-15,45
68,秘密の夜会,1,3,偉大なる科学者の人生と成果に迫る…,60,2022-05-15,46
69,約束の地,1,4,幽霊となった男が生前の恋人を救う…,60,2022-05-15,47
70,聖なる遺跡,1,1,海底の未知の生物を探求する冒険者たち…,60,2022-05-15,48
71,野生の呼び声,1,2,未来都市での革新的なテクノロジーを描く…,60,2022-05-15,49
72,運命の出会い,1,3,料理好きな家族が巻き起こすコミカルな騒動…,60,2022-05-15,50
73,時空を超えて,1,4,名探偵が難解な事件を解決していく…,60,2022-05-15,51
74,星間の旅人,1,5,才能あふれる若きピアニストの成長物語…,60,2022-05-15,52
75,未来都市の秘密,1,6,小さな村で起こる感動的な人間ドラマ…,60,2022-05-15,53
76,逆襲のロボット,1,1,伝説の戦士が悪と戦う壮大な冒険譚…,60,2022-05-15,54
77,勝利への道,1,2,宇宙人と地球人の友情を描いたハートウォーミング…,60,2022-05-15,55
78,最後のシュート,1,3,魔法使いの少女が織りなす奇跡の物語…,60,2022-05-15,56
79,ラストゲーム,1,4,ロボット工学の未来を探求するドキュメンタリー…,60,2022-05-15,57
80,挑戦者たち,1,1,若者たちの熱きバンド活動を描いた音楽ドラマ…,60,2022-05-15,58
81,燃える闘志,1,2,家族愛をテーマにした感動のドラマ…,60,2022-05-15,59
82,絶海の孤島,1,3,古代文明の謎を追う歴史学者の冒険…,60,2022-05-15,60
83,遥かなる宇宙,1,4,コメディアンたちが巧みな即興劇を披露…,60,2022-05-15,61
84,大地の息吹,1,1,シェフが各地の食材を使った料理に挑戦…,60,2022-05-15,62
85,熱帯雨林の生態,1,2,魔法の世界で起きる奇妙な出来事を…,60,2022-05-15,63
86,南極の冒険,1,3,妖精たちの楽園での生活を描いたファンタジー…,60,2022-05-15,64
87,音楽の力,1,4,スリル満点の宇宙旅行を描くSFドラマ…,60,2022-05-15,65
88,パッションコンサート,1,5,恐竜時代を舞台にした壮大な冒険物語…,60,2022-05-15,66
89,魅惑の旋律,1,6,子供たちが大自然と共生する姿を追った…,60,2022-05-15,67
90,ロックスターの一日,1,1,新たなる地球外生命体との遭遇を描く…,60,2022-05-15,68
91,伝説のライブ,1,2,偉大なる科学者の人生と成果に迫る…,60,2022-05-15,69
92,過去からのメッセージ,1,3,幽霊となった男が生前の恋人を救う…,60,2022-05-15,70
93,闇からの声,1,1,海底の未知の生物を探求する冒険者たち…,60,2022-05-15,71
94,逃走劇,1,2,未来都市での革新的なテクノロジーを描く…,60,2022-05-15,72
95,終末の戦士,1,3,料理好きな家族が巻き起こすコミカルな騒動…,60,2022-05-15,73
96,砂漠の生存戦,1,4,名探偵が難解な事件を解決していく…,60,2022-05-15,74
97,笑いの神降臨,0,0,才能あふれる若きピアニストの成長物語…,60,2022-05-15,75